72,,,54,,,36,,
time_vector,R_CoilSections_1,,time_vector,R_CoilSections_1,,time_vector,R_CoilSections_1,
-4.6000000000e-02,1.9383116066e-05,,-8.3000000000e-02,8.8021187011e-05,,-1.0000000000e-04,7.9824058650e-04,
-4.5900000000e-02,2.7222221479e-05,,-8.2900000000e-02,8.9899816080e-05,,0.0000000000e+00,7.9820468136e-04,
-4.5800000000e-02,3.2614201539e-05,,-8.2800000000e-02,9.1312073648e-05,,1.0000000000e-04,7.9622486211e-04,
-4.5700000000e-02,3.6430436940e-05,,-8.2700000000e-02,9.2629132563e-05,,2.0000000000e-04,7.9372147032e-04,
-4.5600000000e-02,3.9867924184e-05,,-8.2600000000e-02,9.3792077372e-05,,3.0000000000e-04,7.9096323266e-04,
-4.5500000000e-02,4.2823951040e-05,,-8.2500000000e-02,9.4995926768e-05,,4.0000000000e-04,7.8923657525e-04,
-4.5400000000e-02,4.5600736777e-05,,-8.2400000000e-02,9.6267811020e-05,,5.0000000000e-04,7.8780842777e-04,
-4.5300000000e-02,4.8268736246e-05,,-8.2300000000e-02,9.7569750476e-05,,6.0000000000e-04,7.8638039418e-04,
-4.5200000000e-02,5.0791822808e-05,,-8.2200000000e-02,9.8767675173e-05,,7.0000000000e-04,7.8498126463e-04,
-4.5100000000e-02,5.3188516809e-05,,-8.2100000000e-02,1.0000700597e-04,,8.0000000000e-04,7.8289716836e-04,
-4.5000000000e-02,5.5470316655e-05,,-8.2000000000e-02,1.0118685888e-04,,9.0000000000e-04,7.8002001855e-04,
-4.4900000000e-02,5.7692288434e-05,,-8.1900000000e-02,1.0261418405e-04,,1.0000000000e-03,7.7719653621e-04,
-4.4800000000e-02,5.9812738605e-05,,-8.1800000000e-02,1.0748161098e-04,,1.1000000000e-03,7.8671338470e-04,
-4.4700000000e-02,6.1910852040e-05,,-8.1700000000e-02,1.1458359010e-04,,1.2000000000e-03,8.3754683091e-04,
-4.4600000000e-02,6.3990548006e-05,,-8.1600000000e-02,1.2224488526e-04,,1.3000000000e-03,9.0750680060e-04,
-4.4500000000e-02,6.6015868512e-05,,-8.1500000000e-02,1.2600436990e-04,,1.4000000000e-03,9.8872846896e-04,
-4.4400000000e-02,6.7970570001e-05,,-8.1400000000e-02,1.3442788171e-04,,1.5000000000e-03,1.0559859368e-03,
-4.4300000000e-02,6.9803638317e-05,,-8.1300000000e-02,1.4357889088e-04,,1.6000000000e-03,1.1222081833e-03,
-4.4200000000e-02,7.1606965378e-05,,-8.1200000000e-02,1.5349947770e-04,,1.7000000000e-03,1.1760252841e-03,
-4.4100000000e-02,7.3342595973e-05,,-8.1100000000e-02,1.6320628202e-04,,1.8000000000e-03,1.1960227199e-03,
-4.4000000000e-02,7.5103126136e-05,,-8.1000000000e-02,1.7095532032e-04,,1.9000000000e-03,1.2307497007e-03,
-4.3900000000e-02,7.6827103178e-05,,-8.0900000000e-02,1.7792594219e-04,,2.0000000000e-03,1.2615513013e-03,
-4.3800000000e-02,7.8532886175e-05,,-8.0800000000e-02,1.8424510982e-04,,2.1000000000e-03,1.2880692265e-03,
-4.3700000000e-02,8.0230858515e-05,,-8.0700000000e-02,1.9026988981e-04,,2.2000000000e-03,1.3113191636e-03,
-4.3600000000e-02,8.1903700735e-05,,-8.0600000000e-02,1.9602514150e-04,,2.3000000000e-03,1.3317315455e-03,
-4.3500000000e-02,8.3581617538e-05,,-8.0500000000e-02,2.0140018216e-04,,2.4000000000e-03,1.3497325393e-03,
-4.3400000000e-02,8.5233080789e-05,,-8.0400000000e-02,2.0664698524e-04,,2.5000000000e-03,1.3656926791e-03,
-4.3300000000e-02,8.6867631105e-05,,-8.0300000000e-02,2.1177688663e-04,,2.6000000000e-03,1.3799542850e-03,
-4.3200000000e-02,8.8509418916e-05,,-8.0200000000e-02,2.1665155560e-04,,2.7000000000e-03,1.3927874746e-03,
-4.3100000000e-02,9.0135473283e-05,,-8.0100000000e-02,2.2142856338e-04,,2.8000000000e-03,1.4326431133e-03,
-4.3000000000e-02,9.1787589037e-05,,-8.0000000000e-02,2.2612053279e-04,,2.9000000000e-03,1.4433775166e-03,
-4.2900000000e-02,9.3398993783e-05,,-7.9900000000e-02,2.3061390298e-04,,3.0000000000e-03,1.4531230585e-03,
-4.2800000000e-02,9.5007900471e-05,,-7.9800000000e-02,2.3504044345e-04,,3.1000000000e-03,1.4619792409e-03,
-4.2700000000e-02,9.6649707039e-05,,-7.9700000000e-02,2.3948961373e-04,,3.2000000000e-03,1.4700771745e-03,
-4.2600000000e-02,9.8243331170e-05,,-7.9600000000e-02,2.4381136933e-04,,3.3000000000e-03,1.4847470329e-03,
-4.2500000000e-02,9.9857217091e-05,,-7.9500000000e-02,2.4795646580e-04,,3.4000000000e-03,1.4997349742e-03,
-4.2400000000e-02,1.0148114549e-04,,-7.9400000000e-02,2.5209336744e-04,,3.5000000000e-03,1.5063640121e-03,
-4.2300000000e-02,1.0306782449e-04,,-7.9300000000e-02,2.5620054643e-04,,3.6000000000e-03,1.5135930443e-03,
-4.2200000000e-02,1.0469718904e-04,,-7.9200000000e-02,2.6023217094e-04,,3.7000000000e-03,1.5222396583e-03,
-4.2100000000e-02,1.0628581723e-04,,-7.9100000000e-02,2.6414783293e-04,,3.8000000000e-03,1.5318874235e-03,
-4.2000000000e-02,1.0787552935e-04,,-7.9000000000e-02,2.6803871260e-04,,3.9000000000e-03,1.5437447013e-03,
-4.1900000000e-02,1.0955961503e-04,,-7.8900000000e-02,2.7193142244e-04,,4.0000000000e-03,1.5570510875e-03,
-4.1800000000e-02,1.1186029638e-04,,-7.8800000000e-02,2.7571619687e-04,,4.1000000000e-03,1.5772039650e-03,
-4.1700000000e-02,1.1360514081e-04,,-7.8700000000e-02,2.7942215628e-04,,4.2000000000e-03,1.5901833824e-03,
-4.1600000000e-02,1.1534985717e-04,,-7.8600000000e-02,2.8318204012e-04,,4.3000000000e-03,1.6074482349e-03,
-4.1500000000e-02,1.1725239294e-04,,-7.8500000000e-02,2.8680847020e-04,,4.4000000000e-03,1.6264547093e-03,
-4.1400000000e-02,1.1935110299e-04,,-7.8400000000e-02,2.9042230711e-04,,4.5000000000e-03,1.6428712177e-03,
-4.1300000000e-02,1.2161188883e-04,,-7.8300000000e-02,2.9403154100e-04,,4.6000000000e-03,1.6587781883e-03,
-4.1200000000e-02,1.2424829463e-04,,-7.8200000000e-02,2.9751238948e-04,,4.7000000000e-03,1.6791553029e-03,
-4.1100000000e-02,1.2713671032e-04,,-7.8100000000e-02,3.0105873558e-04,,4.8000000000e-03,1.7004876061e-03,
-4.1000000000e-02,1.3042318219e-04,,-7.8000000000e-02,3.0447165044e-04,,4.9000000000e-03,1.7228105406e-03,
-4.0000000000e-02,1.6380039524e-04,,-7.7000000000e-02,3.2951938936e-04,,5.9000000000e-03,1.8258414756e-03,
-3.9000000000e-02,2.2282639290e-04,,-7.6000000000e-02,3.5496042980e-04,,6.9000000000e-03,1.9207877446e-03,
-3.8000000000e-02,3.0212984999e-04,,-7.5000000000e-02,3.8719096802e-04,,7.9000000000e-03,1.9905959469e-03,
-3.7000000000e-02,3.6942409356e-04,,-7.4000000000e-02,4.1490427445e-04,,8.9000000000e-03,2.0837189943e-03,
-3.6000000000e-02,4.3337864119e-04,,-7.3000000000e-02,4.4277452023e-04,,9.9000000000e-03,2.1996381616e-03,
-3.5000000000e-02,5.0699613068e-04,,-7.2000000000e-02,4.7495119054e-04,,1.0900000000e-02,2.3679809500e-03,
-3.4000000000e-02,5.9419430960e-04,,-7.1000000000e-02,5.3265735771e-04,,1.1900000000e-02,2.6535443571e-03,
-3.3000000000e-02,7.9406774215e-04,,-7.0000000000e-02,6.2713544235e-04,,1.2900000000e-02,2.9559468000e-03,
-3.2000000000e-02,1.0645667360e-03,,-6.9000000000e-02,7.2384537384e-04,,1.3900000000e-02,3.1919115585e-03,
-3.1000000000e-02,1.3934444400e-03,,-6.8000000000e-02,8.5695852272e-04,,1.4900000000e-02,3.4910498088e-03,
-3.0000000000e-02,1.8162395188e-03,,-6.7000000000e-02,1.0081206899e-03,,1.5900000000e-02,3.6332867763e-03,
-2.9000000000e-02,2.2777185585e-03,,-6.6000000000e-02,1.2223630704e-03,,1.6900000000e-02,3.8267721574e-03,
-2.8000000000e-02,2.6814438758e-03,,-6.5000000000e-02,1.3683153401e-03,,1.7900000000e-02,3.9974165373e-03,
-2.7000000000e-02,3.1280555951e-03,,-6.4000000000e-02,1.5566590692e-03,,1.8900000000e-02,4.1280740980e-03,
-2.6000000000e-02,3.6749539604e-03,,-6.3000000000e-02,1.7848933780e-03,,1.9900000000e-02,4.2725227225e-03,
-2.5000000000e-02,4.2847166754e-03,,-6.2000000000e-02,1.9768018870e-03,,2.0900000000e-02,4.5841420808e-03,
-2.4000000000e-02,4.9982880277e-03,,-6.1000000000e-02,2.2520181332e-03,,2.1900000000e-02,4.8103094436e-03,
-2.3000000000e-02,5.9691134883e-03,,-6.0000000000e-02,2.4788304615e-03,,2.2900000000e-02,5.1006087131e-03,
-2.2000000000e-02,7.2774716803e-03,,-5.9000000000e-02,2.7619728537e-03,,2.3900000000e-02,5.3632639202e-03,
-2.1000000000e-02,8.3475893004e-03,,-5.8000000000e-02,3.0816935238e-03,,2.4900000000e-02,5.6850234696e-03,
-2.0000000000e-02,9.9371571801e-03,,-5.7000000000e-02,3.3707350618e-03,,2.5900000000e-02,5.9520971788e-03,
-1.9000000000e-02,1.1397510624e-02,,-5.6000000000e-02,3.7178110282e-03,,2.6900000000e-02,6.2029720616e-03,
-1.8000000000e-02,1.2968224177e-02,,-5.5000000000e-02,4.1392860143e-03,,2.7900000000e-02,6.5383061666e-03,
-1.7000000000e-02,1.4560634147e-02,,-5.4000000000e-02,4.7146877088e-03,,2.8900000000e-02,6.8166162897e-03,
-1.6000000000e-02,1.6006055732e-02,,-5.3000000000e-02,5.2066588704e-03,,2.9900000000e-02,7.2238943133e-03,
-1.5000000000e-02,1.7979981347e-02,,-5.2000000000e-02,5.6988997768e-03,,3.0900000000e-02,7.6710182325e-03,
-1.4000000000e-02,2.0275445586e-02,,-5.1000000000e-02,6.3238978768e-03,,3.1900000000e-02,8.1428477070e-03,
-1.3000000000e-02,2.2983263195e-02,,-5.0000000000e-02,6.8311550455e-03,,3.2900000000e-02,8.6538000384e-03,
-1.2000000000e-02,2.5561996036e-02,,-4.9000000000e-02,7.4125737310e-03,,3.3900000000e-02,9.1175844599e-03,
-1.1000000000e-02,2.7618864668e-02,,-4.8000000000e-02,8.1046817220e-03,,3.4900000000e-02,9.5394889710e-03,
-1.0000000000e-02,2.9637227080e-02,,-4.7000000000e-02,8.8776861353e-03,,3.5900000000e-02,1.0062010207e-02,
-9.0000000000e-03,3.1716534839e-02,,-4.6000000000e-02,9.5060762449e-03,,3.6900000000e-02,1.0585035250e-02,
-8.0000000000e-03,3.4058820342e-02,,-4.5000000000e-02,1.0218815572e-02,,3.7900000000e-02,1.1087945817e-02,
-7.0000000000e-03,3.6717149739e-02,,-4.4000000000e-02,1.1160152152e-02,,3.8900000000e-02,1.1636020647e-02,
-6.0000000000e-03,4.0069059223e-02,,-4.3000000000e-02,1.1847206002e-02,,3.9900000000e-02,1.2101282324e-02,
-5.0000000000e-03,4.2810758859e-02,,-4.2000000000e-02,1.2650306234e-02,,4.0900000000e-02,1.2613229744e-02,
-4.0000000000e-03,4.7215804473e-02,,-4.1000000000e-02,1.3779831110e-02,,4.1900000000e-02,1.3105073698e-02,
-3.0000000000e-03,5.1577081847e-02,,-4.0000000000e-02,1.4707914755e-02,,4.2900000000e-02,1.3776520439e-02,
-2.0000000000e-03,5.5907843992e-02,,-3.9000000000e-02,1.5941053482e-02,,4.3900000000e-02,1.4613474203e-02,
-1.0000000000e-03,6.0990933121e-02,,-3.8000000000e-02,1.7140266169e-02,,4.4900000000e-02,1.5257553410e-02,
0.0000000000e+00,6.5214282137e-02,,-3.7000000000e-02,1.8572395965e-02,,4.5900000000e-02,1.5765824503e-02,
1.0000000000e-03,6.9130775621e-02,,-3.6000000000e-02,1.9952858716e-02,,4.6900000000e-02,1.6292757467e-02,
2.0000000000e-03,7.3153039788e-02,,-3.5000000000e-02,2.1297954384e-02,,4.7900000000e-02,1.7020923279e-02,
3.0000000000e-03,7.7372437992e-02,,-3.4000000000e-02,2.2858436851e-02,,4.8900000000e-02,1.7782610736e-02,
4.0000000000e-03,8.1325058068e-02,,-3.3000000000e-02,2.4755243432e-02,,4.9900000000e-02,1.8571729657e-02,
5.0000000000e-03,8.5369634548e-02,,-3.2000000000e-02,2.6297775423e-02,,5.0900000000e-02,1.9283083590e-02,
6.0000000000e-03,9.0040467531e-02,,-3.1000000000e-02,2.8025351654e-02,,5.1900000000e-02,2.0039231426e-02,
7.0000000000e-03,9.5281547332e-02,,-3.0000000000e-02,2.9595775183e-02,,5.2900000000e-02,2.0736954598e-02,
8.0000000000e-03,1.0088742959e-01,,-2.9000000000e-02,3.0936129964e-02,,5.3900000000e-02,2.1359474980e-02,
9.0000000000e-03,1.0892298413e-01,,-2.8000000000e-02,3.2821332695e-02,,5.4900000000e-02,2.1975380230e-02,
1.0000000000e-02,1.1619507935e-01,,-2.7000000000e-02,3.4913780741e-02,,5.5900000000e-02,2.2805339462e-02,
1.1000000000e-02,1.2228580396e-01,,-2.6000000000e-02,3.7151782113e-02,,5.6900000000e-02,2.3782369584e-02,
1.2000000000e-02,1.2818946277e-01,,-2.5000000000e-02,3.9698557352e-02,,5.7900000000e-02,2.4714702147e-02,
1.3000000000e-02,1.3418105321e-01,,-2.4000000000e-02,4.1853694101e-02,,5.8900000000e-02,2.5747508341e-02,
1.4000000000e-02,1.4008095322e-01,,-2.3000000000e-02,4.3983286130e-02,,5.9900000000e-02,2.6799287841e-02,
1.5000000000e-02,1.4540288828e-01,,-2.2000000000e-02,4.5889156643e-02,,6.0900000000e-02,2.7629988623e-02,
1.6000000000e-02,1.5296225883e-01,,-2.1000000000e-02,4.8005016016e-02,,6.1900000000e-02,2.8498512029e-02,
1.7000000000e-02,1.5921215016e-01,,-2.0000000000e-02,5.0284733197e-02,,6.2900000000e-02,2.9291296238e-02,
1.8000000000e-02,1.6693537933e-01,,-1.9000000000e-02,5.2371644882e-02,,6.3900000000e-02,3.0173439830e-02,
1.9000000000e-02,1.7513997002e-01,,-1.8000000000e-02,5.4575614316e-02,,6.4900000000e-02,3.1317233980e-02,
2.0000000000e-02,1.8305121189e-01,,-1.7000000000e-02,5.7340001585e-02,,6.5900000000e-02,3.2600293116e-02,
2.1000000000e-02,1.9223807075e-01,,-1.6000000000e-02,5.9876433612e-02,,6.6900000000e-02,3.3940514251e-02,
2.2000000000e-02,2.0054449938e-01,,-1.5000000000e-02,6.2234796640e-02,,6.7900000000e-02,3.5040913717e-02,
2.3000000000e-02,2.1002793101e-01,,-1.4000000000e-02,6.4538336877e-02,,6.8900000000e-02,3.6058511849e-02,
2.4000000000e-02,2.1934091145e-01,,-1.3000000000e-02,6.7038273538e-02,,6.9900000000e-02,3.7244349572e-02,
2.5000000000e-02,2.2632148937e-01,,-1.2000000000e-02,7.0903185025e-02,,7.0900000000e-02,3.8353102530e-02,
2.6000000000e-02,2.3332842059e-01,,-1.1000000000e-02,7.4116633516e-02,,7.1900000000e-02,3.9349110464e-02,
2.7000000000e-02,2.4137073790e-01,,-1.0000000000e-02,7.7056481122e-02,,7.2900000000e-02,4.0390677801e-02,
2.8000000000e-02,2.4901996955e-01,,-9.0000000000e-03,7.9875857135e-02,,7.3900000000e-02,4.1662465741e-02,
2.9000000000e-02,2.5820528617e-01,,-8.0000000000e-03,8.2449674289e-02,,7.4900000000e-02,4.2845581633e-02,
3.0000000000e-02,2.7129558279e-01,,-7.0000000000e-03,8.5334023823e-02,,7.5900000000e-02,4.3940530613e-02,
3.1000000000e-02,2.8393171480e-01,,-6.0000000000e-03,8.8936618263e-02,,7.6900000000e-02,4.5233249247e-02,
3.2000000000e-02,2.9497972664e-01,,-5.0000000000e-03,9.1812464191e-02,,7.7900000000e-02,4.6931430883e-02,
3.3000000000e-02,3.0593104961e-01,,-4.0000000000e-03,9.5173296998e-02,,7.8900000000e-02,4.8690717080e-02,
3.4000000000e-02,3.1689891066e-01,,-3.0000000000e-03,9.8441640838e-02,,7.9900000000e-02,5.0378169988e-02,
3.5000000000e-02,3.2775725671e-01,,-2.0000000000e-03,1.0152152682e-01,,8.0900000000e-02,5.1946129104e-02,
3.6000000000e-02,3.3826172919e-01,,-1.0000000000e-03,1.0450618562e-01,,8.1900000000e-02,5.3326751357e-02,
3.7000000000e-02,3.4997003850e-01,,0.0000000000e+00,1.0832728545e-01,,8.2900000000e-02,5.4584591671e-02,
3.8000000000e-02,3.6140589036e-01,,1.0000000000e-03,1.1192763722e-01,,8.3900000000e-02,5.6085952680e-02,
3.9000000000e-02,3.7212822270e-01,,2.0000000000e-03,1.1595196895e-01,,8.4900000000e-02,5.7659813747e-02,
4.0000000000e-02,3.8246162215e-01,,3.0000000000e-03,1.2025377233e-01,,8.5900000000e-02,5.8920741491e-02,
4.1000000000e-02,3.9244694388e-01,,4.0000000000e-03,1.2417220894e-01,,8.6900000000e-02,6.0466553741e-02,
4.2000000000e-02,4.0315611571e-01,,5.0000000000e-03,1.2806881307e-01,,8.7900000000e-02,6.1744111362e-02,
4.3000000000e-02,4.1981803795e-01,,6.0000000000e-03,1.3204937603e-01,,8.8900000000e-02,6.3266006884e-02,
4.4000000000e-02,4.3632761394e-01,,7.0000000000e-03,1.3620129491e-01,,8.9900000000e-02,6.4962252423e-02,
4.5000000000e-02,4.5229620680e-01,,8.0000000000e-03,1.4091928061e-01,,9.0900000000e-02,6.6560166543e-02,
4.6000000000e-02,4.6676441605e-01,,9.0000000000e-03,1.4546377520e-01,,9.1900000000e-02,6.8288634987e-02,
4.7000000000e-02,4.8164394473e-01,,1.0000000000e-02,1.4993594957e-01,,9.2900000000e-02,7.0018488555e-02,
4.8000000000e-02,4.9247775290e-01,,1.1000000000e-02,1.5497165821e-01,,9.3900000000e-02,7.1765120913e-02,
4.9000000000e-02,5.0177277194e-01,,1.2000000000e-02,1.6002037400e-01,,9.4900000000e-02,7.3312875829e-02,
5.0000000000e-02,5.1070327393e-01,,1.3000000000e-02,1.6488519214e-01,,9.5900000000e-02,7.5150783433e-02,
5.1000000000e-02,5.2097715465e-01,,1.4000000000e-02,1.7019292021e-01,,9.6900000000e-02,7.6693735696e-02,
5.2000000000e-02,5.3498571614e-01,,1.5000000000e-02,1.7493674554e-01,,9.7900000000e-02,7.8419784428e-02,
5.3000000000e-02,5.4904510879e-01,,1.6000000000e-02,1.8009545676e-01,,9.8900000000e-02,8.0218119837e-02,
5.4000000000e-02,5.6307321094e-01,,1.7000000000e-02,1.8548971035e-01,,9.9900000000e-02,8.2129752516e-02,
5.5000000000e-02,5.7716239984e-01,,1.8000000000e-02,1.9123410718e-01,,1.0090000000e-01,8.4031960878e-02,
5.6000000000e-02,5.9119189292e-01,,1.9000000000e-02,1.9717409260e-01,,1.0190000000e-01,8.5975057352e-02,
5.7000000000e-02,6.0621326735e-01,,2.0000000000e-02,2.0330204681e-01,,1.0290000000e-01,8.8482872717e-02,
5.8000000000e-02,6.2127097767e-01,,2.1000000000e-02,2.0947439928e-01,,1.0390000000e-01,9.0194048464e-02,
5.9000000000e-02,6.3622060976e-01,,2.2000000000e-02,2.1580952291e-01,,1.0490000000e-01,9.1573828049e-02,
6.0000000000e-02,6.5098227253e-01,,2.3000000000e-02,2.2174931844e-01,,1.0590000000e-01,9.2913400829e-02,
6.1000000000e-02,6.6614210427e-01,,2.4000000000e-02,2.2798700606e-01,,1.0690000000e-01,9.4716286068e-02,
6.2000000000e-02,6.8115806015e-01,,2.5000000000e-02,2.3408928403e-01,,1.0790000000e-01,9.6691842316e-02,
6.3000000000e-02,6.9705589932e-01,,2.6000000000e-02,2.4021100062e-01,,1.0890000000e-01,9.8661458384e-02,
6.4000000000e-02,7.1307108318e-01,,2.7000000000e-02,2.4705602445e-01,,1.0990000000e-01,1.0084317426e-01,
6.5000000000e-02,7.2915388310e-01,,2.8000000000e-02,2.5334091594e-01,,1.1090000000e-01,1.0323449947e-01,
6.6000000000e-02,7.4535066928e-01,,2.9000000000e-02,2.5954453432e-01,,1.1190000000e-01,1.0609091196e-01,
6.7000000000e-02,7.6120952142e-01,,3.0000000000e-02,2.6637328820e-01,,1.1290000000e-01,1.0874666977e-01,
6.8000000000e-02,7.7824066749e-01,,3.1000000000e-02,2.7276034160e-01,,1.1390000000e-01,1.1121635951e-01,
6.9000000000e-02,7.9552078703e-01,,3.2000000000e-02,2.7883677054e-01,,1.1490000000e-01,1.1375560461e-01,
7.0000000000e-02,8.1290076482e-01,,3.3000000000e-02,2.8579754235e-01,,1.1590000000e-01,1.1630979002e-01,
7.1000000000e-02,8.2950454250e-01,,3.4000000000e-02,2.9174620849e-01,,1.1690000000e-01,1.1837970948e-01,
7.2000000000e-02,8.4737923618e-01,,3.5000000000e-02,2.9782533997e-01,,1.1790000000e-01,1.2042678061e-01,
7.3000000000e-02,8.6598909835e-01,,3.6000000000e-02,3.0479374178e-01,,1.1890000000e-01,1.2260384380e-01,
7.4000000000e-02,8.8401057750e-01,,3.7000000000e-02,3.1252843138e-01,,1.1990000000e-01,1.2480644791e-01,
7.5000000000e-02,9.0276483406e-01,,3.8000000000e-02,3.1975712804e-01,,1.2090000000e-01,1.2717474913e-01,
7.6000000000e-02,9.2121071417e-01,,3.9000000000e-02,3.2692395644e-01,,1.2190000000e-01,1.3017046758e-01,
7.7000000000e-02,9.4049815075e-01,,4.0000000000e-02,3.3488170573e-01,,1.2290000000e-01,1.3334582367e-01,
7.8000000000e-02,9.5987111046e-01,,4.1000000000e-02,3.4394962707e-01,,1.2390000000e-01,1.3642596398e-01,
7.9000000000e-02,9.7930783908e-01,,4.2000000000e-02,3.5326078615e-01,,1.2490000000e-01,1.3948616457e-01,
8.0000000000e-02,9.9763432504e-01,,4.3000000000e-02,3.6167403715e-01,,1.2590000000e-01,1.4267226817e-01,
8.1000000000e-02,1.0111859737e+00,,4.4000000000e-02,3.6743829416e-01,,1.2690000000e-01,1.4590434407e-01,
8.2000000000e-02,1.0250183055e+00,,4.5000000000e-02,3.7333667746e-01,,1.2790000000e-01,1.4890015728e-01,
8.3000000000e-02,1.0387780024e+00,,4.6000000000e-02,3.7987535582e-01,,1.2890000000e-01,1.5148650146e-01,
8.4000000000e-02,1.0520080986e+00,,4.7000000000e-02,3.8887280712e-01,,1.2990000000e-01,1.5331839864e-01,
8.5000000000e-02,1.0649965833e+00,,4.8000000000e-02,3.9852331134e-01,,1.3090000000e-01,1.5522004515e-01,
8.6000000000e-02,1.0776247354e+00,,4.9000000000e-02,4.0869505635e-01,,1.3190000000e-01,1.5715882956e-01,
8.7000000000e-02,1.0909192617e+00,,5.0000000000e-02,4.1849627461e-01,,1.3290000000e-01,1.5915097082e-01,
8.8000000000e-02,1.1035816906e+00,,5.1000000000e-02,4.2544782813e-01,,1.3390000000e-01,1.6113371723e-01,
8.9000000000e-02,1.1164786789e+00,,5.2000000000e-02,4.3017376087e-01,,1.3490000000e-01,1.6299723794e-01,
9.0000000000e-02,1.1291995965e+00,,5.3000000000e-02,4.3548256904e-01,,1.3590000000e-01,1.6585223922e-01,
9.1000000000e-02,1.1417341924e+00,,5.4000000000e-02,4.4094521384e-01,,1.3690000000e-01,1.6881979932e-01,
9.2000000000e-02,1.1564822164e+00,,5.5000000000e-02,4.4629087183e-01,,1.3790000000e-01,1.7203569529e-01,
9.3000000000e-02,1.1763822488e+00,,5.6000000000e-02,4.5150839009e-01,,1.3890000000e-01,1.7542574250e-01,
9.4000000000e-02,1.1965019517e+00,,5.7000000000e-02,4.5708057933e-01,,1.3990000000e-01,1.7878003607e-01,
9.5000000000e-02,1.2171792250e+00,,5.8000000000e-02,4.6315938373e-01,,1.4090000000e-01,1.8211210458e-01,
9.6000000000e-02,1.2386402091e+00,,5.9000000000e-02,4.6809590549e-01,,1.4190000000e-01,1.8541856038e-01,
9.7000000000e-02,1.2527240748e+00,,6.0000000000e-02,4.7351460398e-01,,1.4290000000e-01,1.8888705396e-01,
9.8000000000e-02,1.2643357731e+00,,6.1000000000e-02,4.7875660637e-01,,1.4390000000e-01,1.9226418951e-01,
9.9000000000e-02,1.2762662991e+00,,6.2000000000e-02,4.8423136499e-01,,1.4490000000e-01,1.9543205311e-01,
1.0000000000e-01,1.2894696578e+00,,6.3000000000e-02,4.8945226464e-01,,1.4590000000e-01,1.9883852983e-01,
1.0100000000e-01,1.3037001249e+00,,6.4000000000e-02,4.9455271217e-01,,1.4690000000e-01,2.0246718307e-01,
1.0200000000e-01,1.3214604546e+00,,6.5000000000e-02,4.9964002181e-01,,1.4790000000e-01,2.0652590398e-01,
1.0300000000e-01,1.3421285818e+00,,6.6000000000e-02,5.0519671532e-01,,1.4890000000e-01,2.1038162407e-01,
1.0400000000e-01,1.3621253872e+00,,6.7000000000e-02,5.1069744075e-01,,1.4990000000e-01,2.1410355558e-01,
1.0500000000e-01,1.3814894102e+00,,6.8000000000e-02,5.1623877735e-01,,1.5090000000e-01,2.1787033349e-01,
1.0600000000e-01,1.3983107593e+00,,6.9000000000e-02,5.2492823490e-01,,1.5190000000e-01,2.2179729993e-01,
1.0700000000e-01,1.4156666932e+00,,7.0000000000e-02,5.3353513687e-01,,1.5290000000e-01,2.2569040588e-01,
1.0800000000e-01,1.4329090388e+00,,7.1000000000e-02,5.4202698771e-01,,1.5390000000e-01,2.2969074534e-01,
1.0900000000e-01,1.4498094266e+00,,7.2000000000e-02,5.5068555829e-01,,1.5490000000e-01,2.3367185612e-01,
1.1000000000e-01,1.4679168230e+00,,7.3000000000e-02,5.5961357530e-01,,1.5590000000e-01,2.3768319668e-01,
1.1100000000e-01,1.4876890179e+00,,7.4000000000e-02,5.6883179583e-01,,1.5690000000e-01,2.4161679023e-01,
1.1200000000e-01,1.5070860860e+00,,7.5000000000e-02,5.7783501033e-01,,1.5790000000e-01,2.4536267577e-01,
1.1300000000e-01,1.5272133920e+00,,7.6000000000e-02,5.8666095172e-01,,1.5890000000e-01,2.4954180902e-01,
1.1400000000e-01,1.5472893634e+00,,7.7000000000e-02,5.9574321703e-01,,1.5990000000e-01,2.5329700728e-01,
1.1500000000e-01,1.5664716142e+00,,7.8000000000e-02,6.0496027637e-01,,1.6090000000e-01,2.5688480290e-01,
1.1600000000e-01,1.5842951480e+00,,7.9000000000e-02,6.1423439582e-01,,1.6190000000e-01,2.6107024307e-01,
1.1700000000e-01,1.6010132016e+00,,8.0000000000e-02,6.2314063964e-01,,1.6290000000e-01,2.6509739921e-01,
1.1800000000e-01,1.6201997811e+00,,8.1000000000e-02,6.3211654408e-01,,1.6390000000e-01,2.6818983781e-01,
1.1900000000e-01,1.6460596267e+00,,8.2000000000e-02,6.4126838239e-01,,1.6490000000e-01,2.7116451710e-01,
1.2000000000e-01,1.6609724867e+00,,8.3000000000e-02,6.5069347909e-01,,1.6590000000e-01,2.7447325548e-01,
1.2100000000e-01,1.6727536179e+00,,8.4000000000e-02,6.5993000787e-01,,1.6690000000e-01,2.7819045520e-01,
1.2200000000e-01,1.6864830578e+00,,8.5000000000e-02,6.6958423549e-01,,1.6790000000e-01,2.8155729270e-01,
1.2300000000e-01,1.7018064109e+00,,8.6000000000e-02,6.7913537783e-01,,1.6890000000e-01,2.8472162440e-01,
1.2400000000e-01,1.7213054425e+00,,8.7000000000e-02,6.8838932766e-01,,1.6990000000e-01,2.8808839734e-01,
1.2500000000e-01,1.7367699485e+00,,8.8000000000e-02,6.9794913945e-01,,1.7090000000e-01,2.9236267204e-01,
1.2600000000e-01,1.7564882257e+00,,8.9000000000e-02,7.0780276641e-01,,1.7190000000e-01,2.9692660575e-01,
1.2700000000e-01,1.7767937364e+00,,9.0000000000e-02,7.1737950917e-01,,1.7290000000e-01,3.0085310223e-01,
1.2800000000e-01,1.7973128816e+00,,9.1000000000e-02,7.2660663614e-01,,1.7390000000e-01,3.0448179830e-01,
1.2900000000e-01,1.8171043657e+00,,9.2000000000e-02,7.3622372389e-01,,1.7490000000e-01,3.0818515003e-01,
1.3000000000e-01,1.8374190903e+00,,9.3000000000e-02,7.4628140530e-01,,1.7590000000e-01,3.1223037563e-01,
1.3100000000e-01,1.8581611729e+00,,9.4000000000e-02,7.5620213646e-01,,1.7690000000e-01,3.1640331094e-01,
1.3200000000e-01,1.8778413339e+00,,9.5000000000e-02,7.6600316859e-01,,1.7790000000e-01,3.2042962809e-01,
1.3300000000e-01,1.8988112894e+00,,9.6000000000e-02,7.7598075552e-01,,1.7890000000e-01,3.2431514608e-01,
1.3400000000e-01,1.9190187118e+00,,9.7000000000e-02,7.8576223005e-01,,1.7990000000e-01,3.2836923626e-01,
1.3500000000e-01,1.9396345431e+00,,9.8000000000e-02,7.9556113296e-01,,1.8090000000e-01,3.3212111107e-01,
1.3600000000e-01,1.9603991576e+00,,9.9000000000e-02,8.0586024739e-01,,1.8190000000e-01,3.3592834654e-01,
1.3700000000e-01,1.9805807263e+00,,1.0000000000e-01,8.1573516200e-01,,1.8290000000e-01,3.3964155744e-01,
1.3800000000e-01,2.0014844531e+00,,1.0100000000e-01,8.2530508161e-01,,1.8390000000e-01,3.4357407411e-01,
1.3900000000e-01,2.0219858635e+00,,1.0200000000e-01,8.3538027862e-01,,1.8490000000e-01,3.4778233402e-01,
1.4000000000e-01,2.0422699678e+00,,1.0300000000e-01,8.4587005422e-01,,1.8590000000e-01,3.5272764592e-01,
1.4100000000e-01,2.0633680161e+00,,1.0400000000e-01,8.5625131349e-01,,1.8690000000e-01,3.5864175504e-01,
1.4200000000e-01,2.0841052393e+00,,1.0500000000e-01,8.6618029528e-01,,1.8790000000e-01,3.6435385913e-01,
1.4300000000e-01,2.1048610267e+00,,1.0600000000e-01,8.7630432852e-01,,1.8890000000e-01,3.6990833674e-01,
1.4400000000e-01,2.1260685608e+00,,1.0700000000e-01,8.8692931665e-01,,1.8990000000e-01,3.7541549222e-01,
1.4500000000e-01,2.1467063005e+00,,1.0800000000e-01,8.9710624647e-01,,1.9090000000e-01,3.8106019864e-01,
1.4600000000e-01,2.1678907089e+00,,1.0900000000e-01,9.0744634573e-01,,1.9190000000e-01,3.8682637599e-01,
1.4700000000e-01,2.1885846079e+00,,1.1000000000e-01,9.1775518200e-01,,1.9290000000e-01,3.9300318982e-01,
1.4800000000e-01,2.2095428335e+00,,1.1100000000e-01,9.2805709485e-01,,1.9390000000e-01,3.9866366071e-01,
1.4900000000e-01,2.2310800446e+00,,1.1200000000e-01,9.3892436288e-01,,1.9490000000e-01,4.0249783880e-01,
1.5000000000e-01,2.2520030062e+00,,1.1300000000e-01,9.4988258903e-01,,1.9590000000e-01,4.0595549047e-01,
1.5100000000e-01,2.2735801796e+00,,1.1400000000e-01,9.6064988725e-01,,1.9690000000e-01,4.1030255065e-01,
1.5200000000e-01,2.2946741873e+00,,1.1500000000e-01,9.7310047979e-01,,1.9790000000e-01,4.1450860865e-01,
1.5300000000e-01,2.3149232030e+00,,1.1600000000e-01,9.8407897105e-01,,1.9890000000e-01,4.1877257841e-01,
1.5400000000e-01,2.3348574367e+00,,1.1700000000e-01,9.9331295605e-01,,1.9990000000e-01,4.2187653880e-01,
1.5500000000e-01,2.3544466170e+00,,1.1800000000e-01,1.0052551548e+00,,2.0090000000e-01,4.2513482301e-01,
1.5600000000e-01,2.3748189272e+00,,1.1900000000e-01,1.0174104075e+00,,2.0190000000e-01,4.2840721702e-01,
1.5700000000e-01,2.3951931758e+00,,1.2000000000e-01,1.0298068711e+00,,2.0290000000e-01,4.3128520920e-01,
1.5800000000e-01,2.4244135031e+00,,1.2100000000e-01,1.0426024716e+00,,2.0390000000e-01,4.3524017685e-01,
1.5900000000e-01,2.4480487249e+00,,1.2200000000e-01,1.0556497474e+00,,2.0490000000e-01,4.3931140991e-01,
1.6000000000e-01,2.4706865692e+00,,1.2300000000e-01,1.0679368362e+00,,2.0590000000e-01,4.4313247647e-01,
1.6100000000e-01,2.4931591960e+00,,1.2400000000e-01,1.0803980220e+00,,2.0690000000e-01,4.4831277926e-01,
1.6200000000e-01,2.5153558523e+00,,1.2500000000e-01,1.0927663820e+00,,2.0790000000e-01,4.5393535489e-01,
1.6300000000e-01,2.5379716303e+00,,1.2600000000e-01,1.1055886655e+00,,2.0890000000e-01,4.5878165422e-01,
1.6400000000e-01,2.5600903378e+00,,1.2700000000e-01,1.1179813874e+00,,2.0990000000e-01,4.6206257315e-01,
1.6500000000e-01,2.5826793197e+00,,1.2800000000e-01,1.1297849884e+00,,2.1090000000e-01,4.6505456997e-01,
1.6600000000e-01,2.6050347246e+00,,1.2900000000e-01,1.1423381765e+00,,2.1190000000e-01,4.6855234236e-01,
1.6700000000e-01,2.6270510141e+00,,1.3000000000e-01,1.1545623237e+00,,2.1290000000e-01,4.7440203720e-01,
1.6800000000e-01,2.6493329169e+00,,1.3100000000e-01,1.1669258507e+00,,2.1390000000e-01,4.8039706863e-01,
1.6900000000e-01,2.6715647697e+00,,1.3200000000e-01,1.1794386374e+00,,2.1490000000e-01,4.8372299545e-01,
1.7000000000e-01,2.6938271193e+00,,1.3300000000e-01,1.1914633191e+00,,2.1590000000e-01,4.8681876271e-01,
1.7100000000e-01,2.7159128115e+00,,1.3400000000e-01,1.2038634290e+00,,2.1690000000e-01,4.8989015267e-01,
1.7200000000e-01,2.7382316401e+00,,1.3500000000e-01,1.2173226498e+00,,2.1790000000e-01,4.9469442460e-01,
1.7300000000e-01,2.7685062324e+00,,1.3600000000e-01,1.2310196588e+00,,2.1890000000e-01,5.0012216948e-01,
1.7400000000e-01,2.8020462735e+00,,1.3700000000e-01,1.2449725479e+00,,2.1990000000e-01,5.0591704898e-01,
1.7500000000e-01,2.8356981890e+00,,1.3800000000e-01,1.2587806774e+00,,2.2090000000e-01,5.1144545160e-01,
1.7600000000e-01,2.8684286588e+00,,1.3900000000e-01,1.2729220864e+00,,2.2190000000e-01,5.1662431757e-01,
1.7700000000e-01,2.8917320795e+00,,1.4000000000e-01,1.2869969930e+00,,2.2290000000e-01,5.2194461724e-01,
1.7800000000e-01,2.9110446182e+00,,1.4100000000e-01,1.3010412830e+00,,2.2390000000e-01,5.2713195546e-01,
1.7900000000e-01,2.9305161197e+00,,1.4200000000e-01,1.3153521054e+00,,2.2490000000e-01,5.3244723208e-01,
1.8000000000e-01,2.9499975547e+00,,1.4300000000e-01,1.3295217548e+00,,2.2590000000e-01,5.3788712938e-01,
1.8100000000e-01,2.9699656534e+00,,1.4400000000e-01,1.3434235073e+00,,2.2690000000e-01,5.4341502839e-01,
1.8200000000e-01,2.9918673819e+00,,1.4500000000e-01,1.3573353214e+00,,2.2790000000e-01,5.4866953651e-01,
1.8300000000e-01,3.0186479042e+00,,1.4600000000e-01,1.3708294850e+00,,2.2890000000e-01,5.5369993999e-01,
1.8400000000e-01,3.0450574620e+00,,1.4700000000e-01,1.3790732979e+00,,2.2990000000e-01,5.5903769515e-01,
1.8500000000e-01,3.0715828310e+00,,1.4800000000e-01,1.3869563464e+00,,2.3090000000e-01,5.6482646098e-01,
1.8600000000e-01,3.0983199699e+00,,1.4900000000e-01,1.3944530837e+00,,2.3190000000e-01,5.7061154497e-01,
1.8700000000e-01,3.1252367134e+00,,1.5000000000e-01,1.4018442029e+00,,2.3290000000e-01,5.7606500589e-01,
1.8800000000e-01,3.1532958281e+00,,1.5100000000e-01,1.4096847085e+00,,2.3390000000e-01,5.8136527390e-01,
1.8900000000e-01,3.1809989889e+00,,1.5200000000e-01,1.4176575706e+00,,2.3490000000e-01,5.8654147334e-01,
1.9000000000e-01,3.2084498636e+00,,1.5300000000e-01,1.4252588690e+00,,2.3590000000e-01,5.9173673563e-01,
1.9100000000e-01,3.2360692267e+00,,1.5400000000e-01,1.4328978098e+00,,2.3690000000e-01,5.9871105947e-01,
1.9200000000e-01,3.2640035876e+00,,1.5500000000e-01,1.4423489452e+00,,2.3790000000e-01,6.0611947195e-01,
1.9300000000e-01,3.2921729930e+00,,1.5600000000e-01,1.4532050706e+00,,2.3890000000e-01,6.1376292665e-01,
1.9400000000e-01,3.3205511382e+00,,1.5700000000e-01,1.4634524788e+00,,2.3990000000e-01,6.2132095452e-01,
1.9500000000e-01,3.3493132227e+00,,1.5800000000e-01,1.4739988718e+00,,2.4090000000e-01,6.2885257793e-01,
1.9600000000e-01,3.3779882127e+00,,1.5900000000e-01,1.4800832927e+00,,2.4190000000e-01,6.3455370726e-01,
1.9700000000e-01,3.4064381918e+00,,1.6000000000e-01,1.4858325005e+00,,2.4290000000e-01,6.3908166692e-01,
1.9800000000e-01,3.4353576014e+00,,1.6100000000e-01,1.4914100536e+00,,2.4390000000e-01,6.4361919105e-01,
1.9900000000e-01,3.4642711935e+00,,1.6200000000e-01,1.4982881048e+00,,2.4490000000e-01,6.4785694067e-01,
2.0000000000e-01,3.4930261465e+00,,1.6300000000e-01,1.5090915324e+00,,2.4590000000e-01,6.5230362551e-01,
2.0100000000e-01,3.5221133942e+00,,1.6400000000e-01,1.5200299125e+00,,2.4690000000e-01,6.5694079722e-01,
2.0200000000e-01,3.5520293140e+00,,1.6500000000e-01,1.5305959359e+00,,2.4790000000e-01,6.6181144014e-01,
2.0300000000e-01,3.5820434043e+00,,1.6600000000e-01,1.5417385823e+00,,2.4890000000e-01,6.6686161349e-01,
2.0400000000e-01,3.6125110811e+00,,1.6700000000e-01,1.5526568612e+00,,2.4990000000e-01,6.7175869679e-01,
2.0500000000e-01,3.6428661435e+00,,1.6800000000e-01,1.5633058395e+00,,2.5090000000e-01,6.7639907682e-01,
2.0600000000e-01,3.6729459222e+00,,1.6900000000e-01,1.5741213286e+00,,2.5190000000e-01,6.8084566176e-01,
2.0700000000e-01,3.7029903184e+00,,1.7000000000e-01,1.5851198320e+00,,2.5290000000e-01,6.8567548935e-01,
2.0800000000e-01,3.7333151032e+00,,1.7100000000e-01,1.5944134990e+00,,2.5390000000e-01,6.9134881779e-01,
2.0900000000e-01,3.7636407107e+00,,1.7200000000e-01,1.6013277782e+00,,2.5490000000e-01,6.9710600158e-01,
2.1000000000e-01,3.7938742845e+00,,1.7300000000e-01,1.6094247699e+00,,2.5590000000e-01,7.0285950075e-01,
2.1100000000e-01,3.8229648261e+00,,1.7400000000e-01,1.6258526509e+00,,2.5690000000e-01,7.0878267188e-01,
2.1200000000e-01,3.8518924231e+00,,1.7500000000e-01,1.6388290252e+00,,2.5790000000e-01,7.1434449731e-01,
2.1300000000e-01,3.8804764360e+00,,1.7600000000e-01,1.6467774447e+00,,2.5890000000e-01,7.1960894693e-01,
2.1400000000e-01,3.9096593784e+00,,1.7700000000e-01,1.6547506964e+00,,2.5990000000e-01,7.2529565887e-01,
2.1500000000e-01,3.9388318372e+00,,1.7800000000e-01,1.6630651472e+00,,2.6090000000e-01,7.3111640109e-01,
2.1600000000e-01,3.9674536168e+00,,1.7900000000e-01,1.6714269294e+00,,2.6190000000e-01,7.3705316849e-01,
2.1700000000e-01,3.9961155795e+00,,1.8000000000e-01,1.6792917737e+00,,2.6290000000e-01,7.4293161315e-01,
2.1800000000e-01,4.0245086128e+00,,1.8100000000e-01,1.6875384531e+00,,2.6390000000e-01,7.4829428406e-01,
2.1900000000e-01,4.0524818715e+00,,1.8200000000e-01,1.6956568053e+00,,2.6490000000e-01,7.5356909426e-01,
2.2000000000e-01,4.0815371477e+00,,1.8300000000e-01,1.7041633579e+00,,2.6590000000e-01,7.5899575003e-01,
2.2100000000e-01,4.1103748910e+00,,1.8400000000e-01,1.7121974599e+00,,2.6690000000e-01,7.6466024589e-01,
2.2200000000e-01,4.1386537986e+00,,1.8500000000e-01,1.7208297418e+00,,2.6790000000e-01,7.7042876692e-01,
2.2300000000e-01,4.1669227362e+00,,1.8600000000e-01,1.7295735906e+00,,2.6890000000e-01,7.7617851578e-01,
2.2400000000e-01,4.1954879487e+00,,1.8700000000e-01,1.7384231630e+00,,2.6990000000e-01,7.8193683709e-01,
2.2500000000e-01,4.2236449757e+00,,1.8800000000e-01,1.7474302207e+00,,2.7090000000e-01,7.8775503768e-01,
2.2600000000e-01,4.2525925655e+00,,1.8900000000e-01,1.7564683332e+00,,2.7190000000e-01,7.9367754164e-01,
2.2700000000e-01,4.2807414272e+00,,1.9000000000e-01,1.7657161843e+00,,2.7290000000e-01,7.9956222249e-01,
2.2800000000e-01,4.3083023099e+00,,1.9100000000e-01,1.7747643607e+00,,2.7390000000e-01,8.0505826986e-01,
2.2900000000e-01,4.3352720764e+00,,1.9200000000e-01,1.7839177551e+00,,2.7490000000e-01,8.1074700520e-01,
2.3000000000e-01,4.3627611481e+00,,1.9300000000e-01,1.7929013430e+00,,2.7590000000e-01,8.1685173890e-01,
2.3100000000e-01,4.3906642611e+00,,1.9400000000e-01,1.8022618414e+00,,2.7690000000e-01,8.2278810293e-01,
2.3200000000e-01,4.4192971867e+00,,1.9500000000e-01,1.8119707649e+00,,2.7790000000e-01,8.2851338557e-01,
2.3300000000e-01,4.4449498607e+00,,1.9600000000e-01,1.8213260971e+00,,2.7890000000e-01,8.3423516520e-01,
2.3400000000e-01,4.4693803998e+00,,1.9700000000e-01,1.8307661919e+00,,2.7990000000e-01,8.4096972750e-01,
2.3500000000e-01,4.4952313098e+00,,1.9800000000e-01,1.8404029643e+00,,2.8090000000e-01,8.4941873633e-01,
2.3600000000e-01,4.5223531962e+00,,1.9900000000e-01,1.8504206970e+00,,2.8190000000e-01,8.5806915491e-01,
2.3700000000e-01,4.5494711080e+00,,2.0000000000e-01,1.8600749734e+00,,2.8290000000e-01,8.6681432533e-01,
2.3800000000e-01,4.5768750082e+00,,2.0100000000e-01,1.8696769796e+00,,2.8390000000e-01,8.7523133619e-01,
2.3900000000e-01,4.6044711834e+00,,2.0200000000e-01,1.8793667183e+00,,2.8490000000e-01,8.8368205765e-01,
2.4000000000e-01,4.6323894749e+00,,2.0300000000e-01,1.8889179434e+00,,2.8590000000e-01,8.9196933033e-01,
2.4100000000e-01,4.6602047773e+00,,2.0400000000e-01,1.8986626363e+00,,2.8690000000e-01,8.9917723063e-01,
2.4200000000e-01,4.6868075247e+00,,2.0500000000e-01,1.9081351551e+00,,2.8790000000e-01,9.0435080989e-01,
2.4300000000e-01,4.7126417304e+00,,2.0600000000e-01,1.9187442776e+00,,2.8890000000e-01,9.0931777462e-01,
2.4400000000e-01,4.7379139148e+00,,2.0700000000e-01,1.9301831289e+00,,2.8990000000e-01,9.1429389839e-01,
2.4500000000e-01,4.7644133141e+00,,2.0800000000e-01,1.9415673846e+00,,2.9090000000e-01,9.1932546642e-01,
2.4600000000e-01,4.7916155023e+00,,2.0900000000e-01,1.9533330793e+00,,2.9190000000e-01,9.2437427499e-01,
2.4700000000e-01,4.8172767287e+00,,2.1000000000e-01,1.9654137798e+00,,2.9290000000e-01,9.2924902337e-01,
2.4800000000e-01,4.8413272725e+00,,2.1100000000e-01,1.9772276447e+00,,2.9390000000e-01,9.3407277131e-01,
2.4900000000e-01,4.8644828167e+00,,2.1200000000e-01,1.9890878168e+00,,2.9490000000e-01,9.3897968260e-01,
2.5000000000e-01,4.8877083890e+00,,2.1300000000e-01,2.0013177349e+00,,2.9590000000e-01,9.4403834174e-01,
2.5100000000e-01,4.9117127170e+00,,2.1400000000e-01,2.0138965054e+00,,2.9690000000e-01,9.4924642949e-01,
2.5200000000e-01,4.9350263300e+00,,2.1500000000e-01,2.0262206204e+00,,2.9790000000e-01,9.5446400746e-01,
2.5300000000e-01,4.9574980229e+00,,2.1600000000e-01,2.0387436373e+00,,2.9890000000e-01,9.5893350409e-01,
2.5400000000e-01,4.9803670326e+00,,2.1700000000e-01,2.0512623586e+00,,2.9990000000e-01,9.6306188376e-01,
2.6400000000e-01,5.2856015411e+00,,2.2700000000e-01,2.1746640610e+00,,3.0990000000e-01,1.0094622024e+00,
2.7400000000e-01,5.5444639672e+00,,2.3700000000e-01,2.3008962427e+00,,3.1990000000e-01,1.0604924767e+00,
2.8400000000e-01,5.8359025855e+00,,2.4700000000e-01,2.4336132282e+00,,3.2990000000e-01,1.1129878057e+00,
2.9400000000e-01,6.1237301637e+00,,2.5700000000e-01,2.5877270707e+00,,3.3990000000e-01,1.1613733264e+00,
3.0400000000e-01,6.4506112811e+00,,2.6700000000e-01,2.7233296805e+00,,3.4990000000e-01,1.2034008449e+00,
3.1400000000e-01,6.8113145417e+00,,2.7700000000e-01,2.8740017209e+00,,3.5990000000e-01,1.2374622994e+00,
3.2400000000e-01,7.1822581354e+00,,2.8700000000e-01,3.0058630950e+00,,3.6990000000e-01,1.2636392055e+00,
3.3400000000e-01,7.5406356763e+00,,2.9700000000e-01,3.1425906024e+00,,3.7990000000e-01,1.3079158175e+00,
3.4400000000e-01,7.8345972052e+00,,3.0700000000e-01,3.2761538192e+00,,3.8990000000e-01,1.3512679522e+00,
3.5400000000e-01,8.1575446870e+00,,3.1700000000e-01,3.4067103337e+00,,3.9990000000e-01,1.3895253808e+00,
3.6400000000e-01,8.4354572092e+00,,3.2700000000e-01,3.5441695071e+00,,4.0990000000e-01,1.4401976208e+00,
3.7400000000e-01,8.7062240400e+00,,3.3700000000e-01,3.6715124946e+00,,4.1990000000e-01,1.4714642503e+00,
3.8400000000e-01,8.9745596170e+00,,3.4700000000e-01,3.7964003432e+00,,4.2990000000e-01,1.5047938975e+00,
3.9400000000e-01,9.2416201783e+00,,3.5700000000e-01,3.9221056912e+00,,4.3990000000e-01,1.5400961867e+00,
4.0400000000e-01,9.5088953981e+00,,3.6700000000e-01,4.0505368068e+00,,4.4990000000e-01,1.5790017717e+00,
4.1400000000e-01,9.7777523839e+00,,3.7700000000e-01,4.1807638748e+00,,4.5990000000e-01,1.6203755843e+00,
4.2400000000e-01,1.0047678429e+01,,3.8700000000e-01,4.2936109780e+00,,4.6990000000e-01,1.6662043644e+00,
4.3400000000e-01,1.0317735025e+01,,3.9700000000e-01,4.4479099708e+00,,4.7990000000e-01,1.7137869600e+00,
4.4400000000e-01,1.0586089575e+01,,4.0700000000e-01,4.5789156659e+00,,4.8990000000e-01,1.7628039233e+00,
4.5400000000e-01,1.0851055521e+01,,4.1700000000e-01,4.6796872397e+00,,4.9990000000e-01,1.8124931247e+00,
4.6400000000e-01,1.1108224063e+01,,4.2700000000e-01,4.7820067188e+00,,5.0990000000e-01,1.8683784328e+00,
4.7400000000e-01,1.1352969018e+01,,4.3700000000e-01,4.8849573612e+00,,5.1990000000e-01,1.9423091118e+00,
4.8400000000e-01,1.1586041119e+01,,4.4700000000e-01,4.9921047414e+00,,5.2990000000e-01,2.0120660749e+00,
4.9400000000e-01,1.1806797540e+01,,4.5700000000e-01,5.1006973549e+00,,5.3990000000e-01,2.0808537643e+00,
5.0400000000e-01,1.2015888023e+01,,4.6700000000e-01,5.2477549998e+00,,5.4990000000e-01,2.1509452842e+00,
5.1400000000e-01,1.2213947120e+01,,4.7700000000e-01,5.3633658444e+00,,5.5990000000e-01,2.2347176731e+00,
5.2400000000e-01,1.2401631580e+01,,4.8700000000e-01,5.4770339172e+00,,5.6990000000e-01,2.3175966156e+00,
5.3400000000e-01,1.2580535927e+01,,4.9700000000e-01,5.6036812617e+00,,5.7990000000e-01,2.3846361833e+00,
5.4400000000e-01,1.2751615940e+01,,5.0700000000e-01,5.7701270216e+00,,5.8990000000e-01,2.4177704332e+00,
5.5400000000e-01,1.2914749300e+01,,5.1700000000e-01,5.9211233680e+00,,5.9990000000e-01,2.4492230646e+00,
5.6400000000e-01,1.3073947245e+01,,5.2700000000e-01,6.0448502589e+00,,6.0990000000e-01,2.4801456595e+00,
5.7400000000e-01,1.3225602364e+01,,5.3700000000e-01,6.1687649069e+00,,6.1990000000e-01,2.5279732774e+00,
5.8400000000e-01,1.3371262600e+01,,5.4700000000e-01,6.2857595916e+00,,6.2990000000e-01,2.6008311628e+00,
5.9400000000e-01,1.3511773002e+01,,5.5700000000e-01,6.3975149478e+00,,6.3990000000e-01,2.6722267008e+00,
6.0400000000e-01,1.3647327446e+01,,5.6700000000e-01,6.5027299590e+00,,6.4990000000e-01,2.7383424612e+00,
6.1400000000e-01,1.3778322921e+01,,5.7700000000e-01,6.6059799610e+00,,6.5990000000e-01,2.8003608468e+00,
6.2400000000e-01,1.3906287481e+01,,5.8700000000e-01,6.7077069630e+00,,6.6990000000e-01,2.8581275488e+00,
6.3400000000e-01,1.4031129425e+01,,5.9700000000e-01,6.8096745480e+00,,6.7990000000e-01,2.9248598612e+00,
6.4400000000e-01,1.4152949319e+01,,6.0700000000e-01,6.9140680556e+00,,6.8990000000e-01,2.9969717533e+00,
6.5400000000e-01,1.4271530070e+01,,6.1700000000e-01,7.0140917379e+00,,6.9990000000e-01,3.0660193859e+00,
6.6400000000e-01,1.4386229555e+01,,6.2700000000e-01,7.1172223703e+00,,7.0990000000e-01,3.1101780662e+00,
6.7400000000e-01,1.4496627778e+01,,6.3700000000e-01,7.2240062193e+00,,7.1990000000e-01,3.1550442333e+00,
6.8400000000e-01,1.4602974322e+01,,6.4700000000e-01,7.3234958005e+00,,7.2990000000e-01,3.2016860794e+00,
6.9400000000e-01,1.4705268700e+01,,6.5700000000e-01,7.4227832142e+00,,7.3990000000e-01,3.2513402117e+00,
7.0400000000e-01,1.4803774061e+01,,6.6700000000e-01,7.5172161180e+00,,7.4990000000e-01,3.3010761896e+00,
7.1400000000e-01,1.4898378748e+01,,6.7700000000e-01,7.6076858941e+00,,7.5990000000e-01,3.3498244172e+00,
7.2400000000e-01,1.4989885445e+01,,6.8700000000e-01,7.6951220791e+00,,7.6990000000e-01,3.3970434576e+00,
7.3400000000e-01,1.5077092839e+01,,6.9700000000e-01,7.7775276010e+00,,7.7990000000e-01,3.4407799973e+00,
7.4400000000e-01,1.5159299210e+01,,7.0700000000e-01,7.8566515324e+00,,7.8990000000e-01,3.4914616959e+00,
7.5400000000e-01,1.5235956461e+01,,7.1700000000e-01,7.9355796917e+00,,7.9990000000e-01,3.5369739422e+00,
7.6400000000e-01,1.5307806020e+01,,7.2700000000e-01,8.0142913150e+00,,8.0990000000e-01,3.5676937964e+00,
7.7400000000e-01,1.5374473834e+01,,7.3700000000e-01,8.0927544027e+00,,8.1990000000e-01,3.6006348922e+00,
7.8400000000e-01,1.5431111861e+01,,7.4700000000e-01,8.1712113804e+00,,8.2990000000e-01,3.6278142166e+00,
7.9400000000e-01,1.5472931908e+01,,7.5700000000e-01,8.2495840200e+00,,8.3990000000e-01,3.6605788106e+00,
8.0400000000e-01,1.5512104385e+01,,7.6700000000e-01,8.3263896841e+00,,8.4990000000e-01,3.6875414287e+00,
8.1400000000e-01,1.5558072978e+01,,7.7700000000e-01,8.4039148552e+00,,8.5990000000e-01,3.7273368409e+00,
8.2400000000e-01,1.5609383707e+01,,7.8700000000e-01,8.4802043022e+00,,8.6990000000e-01,3.7957440787e+00,
8.3400000000e-01,1.5640719969e+01,,7.9700000000e-01,8.5566756421e+00,,8.7990000000e-01,3.8467668195e+00,
8.4400000000e-01,1.5680937251e+01,,8.0700000000e-01,8.6313848439e+00,,8.8990000000e-01,3.8705209923e+00,
8.5400000000e-01,1.5721663637e+01,,8.1700000000e-01,8.7064689829e+00,,8.9990000000e-01,3.8934884727e+00,
8.6400000000e-01,1.5755265017e+01,,8.2700000000e-01,8.7798849495e+00,,9.0990000000e-01,3.9159944554e+00,
8.7400000000e-01,1.5790154265e+01,,8.3700000000e-01,8.8537455317e+00,,9.1990000000e-01,3.9380555204e+00,
8.8400000000e-01,1.5823158888e+01,,8.4700000000e-01,8.9257685797e+00,,9.2990000000e-01,3.9602290840e+00,
8.9400000000e-01,1.5853333088e+01,,8.5700000000e-01,8.9982916091e+00,,9.3990000000e-01,3.9827754070e+00,
9.0400000000e-01,1.5874837825e+01,,8.6700000000e-01,9.0690472367e+00,,9.4990000000e-01,4.0198425595e+00,
9.1400000000e-01,1.5890486213e+01,,8.7700000000e-01,9.1396237902e+00,,9.5990000000e-01,4.0418312435e+00,
9.2400000000e-01,1.5905098817e+01,,8.8700000000e-01,9.2097402861e+00,,9.6990000000e-01,4.0636258798e+00,
9.3400000000e-01,1.5918738469e+01,,8.9700000000e-01,9.2810850050e+00,,9.7990000000e-01,4.0985656525e+00,
9.4400000000e-01,1.5931415017e+01,,9.0700000000e-01,9.3497217877e+00,,9.8990000000e-01,4.1188715216e+00,
9.5400000000e-01,1.5943328630e+01,,9.1700000000e-01,9.4147039759e+00,,9.9990000000e-01,4.1390657733e+00,
9.6400000000e-01,1.5962689165e+01,,9.2700000000e-01,9.4769463058e+00,,1.0099000000e+00,4.1598328671e+00,
9.7400000000e-01,1.5974123999e+01,,9.3700000000e-01,9.5366518434e+00,,1.0199000000e+00,4.1925235304e+00,
9.8400000000e-01,1.5985399039e+01,,9.4700000000e-01,9.5935332920e+00,,1.0299000000e+00,4.2156497540e+00,
9.9400000000e-01,1.5998152053e+01,,9.5700000000e-01,9.6474626724e+00,,1.0399000000e+00,4.2346586902e+00,
1.0040000000e+00,1.6010201872e+01,,9.6700000000e-01,9.6987123532e+00,,1.0499000000e+00,4.2535389978e+00,
1.0140000000e+00,1.6017807154e+01,,9.7700000000e-01,9.7462235872e+00,,1.0599000000e+00,4.2728325317e+00,
1.0240000000e+00,1.6022775904e+01,,9.8700000000e-01,9.7904207741e+00,,1.0699000000e+00,4.2994258369e+00,
1.0340000000e+00,1.6027477468e+01,,9.9700000000e-01,9.8321177308e+00,,1.0799000000e+00,4.3271259669e+00,
1.0440000000e+00,1.6031951644e+01,,1.0070000000e+00,9.8712565167e+00,,1.0899000000e+00,4.3559285348e+00,
1.0540000000e+00,1.6037665283e+01,,1.0170000000e+00,9.9081799005e+00,,1.0999000000e+00,4.3847072902e+00,
1.0640000000e+00,1.6041299650e+01,,1.0270000000e+00,9.9430661457e+00,,1.1099000000e+00,4.4130271667e+00,
1.0740000000e+00,1.6047358366e+01,,1.0370000000e+00,9.9760107079e+00,,1.1199000000e+00,4.4399826569e+00,
1.0840000000e+00,1.6060472492e+01,,1.0470000000e+00,1.0007844921e+01,,1.1299000000e+00,4.4675859846e+00,
1.0940000000e+00,1.6064063784e+01,,1.0570000000e+00,1.0039995781e+01,,1.1399000000e+00,4.4930221945e+00,
1.1040000000e+00,1.6067044654e+01,,1.0670000000e+00,1.0070393502e+01,,1.1499000000e+00,4.5187898201e+00,
1.1140000000e+00,1.6069970900e+01,,1.0770000000e+00,1.0098907205e+01,,1.1599000000e+00,4.5442465997e+00,
1.1240000000e+00,1.6072556089e+01,,1.0870000000e+00,1.0125946359e+01,,1.1699000000e+00,4.5703506620e+00,
1.1340000000e+00,1.6074999712e+01,,1.0970000000e+00,1.0151514730e+01,,1.1799000000e+00,4.5960114155e+00,
1.1440000000e+00,1.6077221962e+01,,1.1070000000e+00,1.0173888239e+01,,1.1899000000e+00,4.6226247114e+00,
1.1540000000e+00,1.6079237816e+01,,1.1170000000e+00,1.0195681460e+01,,1.1999000000e+00,4.6480494313e+00,
1.1640000000e+00,1.6080842082e+01,,1.1270000000e+00,1.0215849151e+01,,1.2099000000e+00,4.6715779015e+00,
1.1740000000e+00,1.6082325406e+01,,1.1370000000e+00,1.0235847636e+01,,1.2199000000e+00,4.6972715875e+00,
1.1840000000e+00,1.6091117216e+01,,1.1470000000e+00,1.0254334137e+01,,1.2299000000e+00,4.7262814913e+00,
1.1940000000e+00,1.6092164632e+01,,1.1570000000e+00,1.0272610365e+01,,1.2399000000e+00,4.7551588125e+00,
1.2040000000e+00,1.6093114415e+01,,1.1670000000e+00,1.0289382011e+01,,1.2499000000e+00,4.7859968913e+00,
1.2140000000e+00,1.6094368982e+01,,1.1770000000e+00,1.0306323404e+01,,1.2599000000e+00,4.8154216364e+00,
1.2240000000e+00,1.6095463919e+01,,1.1870000000e+00,1.0321614110e+01,,1.2699000000e+00,4.8438238673e+00,
1.2340000000e+00,1.6096288474e+01,,1.1970000000e+00,1.0337331416e+01,,1.2799000000e+00,4.8717626311e+00,
1.2440000000e+00,1.6096054778e+01,,1.2070000000e+00,1.0351861491e+01,,1.2899000000e+00,4.8994239814e+00,
1.2540000000e+00,1.6096349095e+01,,1.2170000000e+00,1.0366187704e+01,,1.2999000000e+00,4.9265405032e+00,
1.2640000000e+00,1.6096680723e+01,,1.2270000000e+00,1.0378428309e+01,,1.3099000000e+00,4.9537559491e+00,
1.2740000000e+00,1.6096815828e+01,,1.2370000000e+00,1.0390525128e+01,,1.3199000000e+00,4.9800275929e+00,
1.2840000000e+00,1.6095754858e+01,,1.2470000000e+00,1.0401174848e+01,,1.3299000000e+00,5.0045823870e+00,
1.2940000000e+00,1.6095652317e+01,,1.2570000000e+00,1.0410908386e+01,,1.3399000000e+00,5.0288302928e+00,
1.3040000000e+00,1.6095473876e+01,,1.2670000000e+00,1.0420337016e+01,,1.3499000000e+00,5.0536611678e+00,
1.3140000000e+00,1.6093754053e+01,,1.2770000000e+00,1.0429403631e+01,,1.3599000000e+00,5.0785358535e+00,
1.3240000000e+00,1.6096159765e+01,,1.2870000000e+00,1.0438279209e+01,,1.3699000000e+00,5.1032143956e+00,
1.3340000000e+00,1.6103238926e+01,,1.2970000000e+00,1.0446747814e+01,,1.3799000000e+00,5.1276933543e+00,
1.3440000000e+00,1.6109161074e+01,,1.3070000000e+00,1.0454725705e+01,,1.3899000000e+00,5.1516157402e+00,
1.3540000000e+00,1.6112527101e+01,,1.3170000000e+00,1.0463004798e+01,,1.3999000000e+00,5.1753474463e+00,
1.3640000000e+00,1.6110596149e+01,,1.3270000000e+00,1.0471744879e+01,,1.4099000000e+00,5.1988773144e+00,
1.3740000000e+00,1.6108992114e+01,,1.3370000000e+00,1.0480725640e+01,,1.4199000000e+00,5.2218158611e+00,
1.3840000000e+00,1.6107566742e+01,,1.3470000000e+00,1.0489012874e+01,,1.4299000000e+00,5.2440966876e+00,
1.3940000000e+00,1.6106445089e+01,,1.3570000000e+00,1.0497388741e+01,,1.4399000000e+00,5.2653852152e+00,
1.4040000000e+00,1.6106454295e+01,,1.3670000000e+00,1.0505876459e+01,,1.4499000000e+00,5.2863027188e+00,
1.4140000000e+00,1.6106871224e+01,,1.3770000000e+00,1.0513997651e+01,,1.4599000000e+00,5.3063843594e+00,
1.4240000000e+00,1.6107677574e+01,,1.3870000000e+00,1.0522786310e+01,,1.4699000000e+00,5.3259169319e+00,
1.4340000000e+00,1.6108433804e+01,,1.3970000000e+00,1.0531134733e+01,,1.4799000000e+00,5.3454996482e+00,
1.4440000000e+00,1.6109142895e+01,,1.4070000000e+00,1.0539112771e+01,,1.4899000000e+00,5.3646194733e+00,
1.4540000000e+00,1.6109807654e+01,,1.4170000000e+00,1.0546732951e+01,,1.4999000000e+00,5.3832994426e+00,
1.4640000000e+00,1.6110430721e+01,,1.4270000000e+00,1.0554413365e+01,,1.5099000000e+00,5.4017200979e+00,
1.4740000000e+00,1.6111014583e+01,,1.4370000000e+00,1.0561922630e+01,,1.5199000000e+00,5.4200188788e+00,
1.4840000000e+00,1.6111561578e+01,,1.4470000000e+00,1.0569035389e+01,,1.5299000000e+00,5.4377903561e+00,
1.4940000000e+00,1.6112073906e+01,,1.4570000000e+00,1.0576067798e+01,,1.5399000000e+00,5.4553454012e+00,
1.5040000000e+00,1.6112553638e+01,,1.4670000000e+00,1.0581975702e+01,,1.5499000000e+00,5.4731997620e+00,
1.5140000000e+00,1.6113002723e+01,,1.4770000000e+00,1.0587496376e+01,,1.5599000000e+00,5.4902916888e+00,
1.5240000000e+00,1.6113422994e+01,,1.4870000000e+00,1.0593092944e+01,,1.5699000000e+00,5.5076491766e+00,
1.5340000000e+00,1.6113816174e+01,,1.4970000000e+00,1.0598369384e+01,,1.5799000000e+00,5.5255964466e+00,
1.5440000000e+00,1.6114183887e+01,,1.5070000000e+00,1.0603532148e+01,,1.5899000000e+00,5.5437765042e+00,
1.5540000000e+00,1.6114527659e+01,,1.5170000000e+00,1.0608689502e+01,,1.5999000000e+00,5.5618972656e+00,
1.5640000000e+00,1.6114848926e+01,,1.5270000000e+00,1.0613319471e+01,,1.6099000000e+00,5.5793934579e+00,
1.5740000000e+00,1.6115149038e+01,,1.5370000000e+00,1.0618117466e+01,,1.6199000000e+00,5.5961838288e+00,
1.5840000000e+00,1.6115429268e+01,,1.5470000000e+00,1.0622746241e+01,,1.6299000000e+00,5.6120756280e+00,
1.5940000000e+00,1.6115690809e+01,,1.5570000000e+00,1.0627367224e+01,,1.6399000000e+00,5.6267511351e+00,
1.6040000000e+00,1.6115934787e+01,,1.5670000000e+00,1.0632381251e+01,,1.6499000000e+00,5.6402099461e+00,
1.6140000000e+00,1.6116162259e+01,,1.5770000000e+00,1.0637062167e+01,,1.6599000000e+00,5.6533611381e+00,
1.6240000000e+00,1.6116374221e+01,,1.5870000000e+00,1.0641653875e+01,,1.6699000000e+00,5.6658598021e+00,
1.6340000000e+00,1.6116571607e+01,,1.5970000000e+00,1.0646138199e+01,,1.6799000000e+00,5.6778199013e+00,
1.6440000000e+00,1.6118858177e+01,,1.6070000000e+00,1.0650015652e+01,,1.6899000000e+00,5.6898406611e+00,
1.6540000000e+00,1.6121977934e+01,,1.6170000000e+00,1.0654188943e+01,,1.6999000000e+00,5.7007126313e+00,
1.6640000000e+00,1.6122145652e+01,,1.6270000000e+00,1.0657954081e+01,,1.7099000000e+00,5.7098853667e+00,
1.6740000000e+00,1.6122301478e+01,,1.6370000000e+00,1.0661600375e+01,,1.7199000000e+00,5.7179548225e+00,
1.6840000000e+00,1.6122446132e+01,,1.6470000000e+00,1.0665129676e+01,,1.7299000000e+00,5.7251411491e+00,
1.6940000000e+00,1.6122580290e+01,,1.6570000000e+00,1.0668875115e+01,,1.7399000000e+00,5.7316029858e+00,
1.7040000000e+00,1.6122850787e+01,,1.6670000000e+00,1.0672092097e+01,,1.7499000000e+00,5.7382022520e+00,
1.7140000000e+00,1.6123024403e+01,,1.6770000000e+00,1.0674960221e+01,,1.7599000000e+00,5.7450268771e+00,
1.7240000000e+00,1.6123130238e+01,,1.6870000000e+00,1.0677837764e+01,,1.7699000000e+00,5.7515529834e+00,
1.7340000000e+00,1.6123227914e+01,,1.6970000000e+00,1.0680769304e+01,,1.7799000000e+00,5.7573296270e+00,
1.7440000000e+00,1.6123317928e+01,,1.7070000000e+00,1.0683985444e+01,,1.7899000000e+00,5.7634591235e+00,
1.7540000000e+00,1.6123400750e+01,,1.7170000000e+00,1.0686584023e+01,,1.7999000000e+00,5.7695334448e+00,
1.7640000000e+00,1.6123476820e+01,,1.7270000000e+00,1.0689525202e+01,,1.8099000000e+00,5.7757798982e+00,
1.7740000000e+00,1.6123546550e+01,,1.7370000000e+00,1.0691991725e+01,,1.8199000000e+00,5.7823111399e+00,
1.7840000000e+00,1.6123610330e+01,,1.7470000000e+00,1.0693825957e+01,,1.8299000000e+00,5.7890473474e+00,
1.7940000000e+00,1.6123668525e+01,,1.7570000000e+00,1.0696434671e+01,,1.8399000000e+00,5.7954013076e+00,
1.8040000000e+00,1.6123721480e+01,,1.7670000000e+00,1.0698727488e+01,,1.8499000000e+00,5.8010421518e+00,
1.8140000000e+00,1.6123769518e+01,,1.7770000000e+00,1.0701209361e+01,,1.8599000000e+00,5.8062640973e+00,
1.8240000000e+00,1.6123812942e+01,,1.7870000000e+00,1.0703123111e+01,,1.8699000000e+00,5.8126653604e+00,
1.8340000000e+00,1.6123852038e+01,,1.7970000000e+00,1.0704392413e+01,,1.8799000000e+00,5.8191447664e+00,
1.8440000000e+00,1.6124005597e+01,,1.8070000000e+00,1.0706171280e+01,,1.8899000000e+00,5.8253102304e+00,
1.8540000000e+00,1.6127061357e+01,,1.8170000000e+00,1.0707959612e+01,,1.8999000000e+00,5.8317132825e+00,
1.8640000000e+00,1.6130402526e+01,,1.8270000000e+00,1.0709589092e+01,,1.9099000000e+00,5.8380237353e+00,
1.8740000000e+00,1.6133253872e+01,,1.8370000000e+00,1.0711045872e+01,,1.9199000000e+00,5.8437884687e+00,
1.8840000000e+00,1.6136218538e+01,,1.8470000000e+00,1.0711894145e+01,,1.9299000000e+00,5.8489035373e+00,
1.8940000000e+00,1.6137760780e+01,,1.8570000000e+00,1.0713104215e+01,,1.9399000000e+00,5.8541504833e+00,
1.9040000000e+00,1.6137783096e+01,,1.8670000000e+00,1.0714322762e+01,,1.9499000000e+00,5.8604422242e+00,
1.9140000000e+00,1.6137802336e+01,,1.8770000000e+00,1.0715598057e+01,,1.9599000000e+00,5.8673272093e+00,
1.9240000000e+00,1.6137818696e+01,,1.8870000000e+00,1.0716488082e+01,,1.9699000000e+00,5.8732895635e+00,
1.9340000000e+00,1.6137832355e+01,,1.8970000000e+00,1.0717319676e+01,,1.9799000000e+00,5.8789370153e+00,
1.9440000000e+00,1.6137843484e+01,,1.9070000000e+00,1.0718723887e+01,,1.9899000000e+00,5.8848577670e+00,
1.9540000000e+00,1.6137852244e+01,,1.9170000000e+00,1.0719613303e+01,,1.9999000000e+00,5.8898461572e+00,
1.9640000000e+00,1.6137858785e+01,,1.9270000000e+00,1.0720312835e+01,,2.0099000000e+00,5.8945122023e+00,
1.9740000000e+00,1.6137863248e+01,,1.9370000000e+00,1.0720740646e+01,,2.0199000000e+00,5.9001229280e+00,
1.9840000000e+00,1.6137865767e+01,,1.9470000000e+00,1.0722143832e+01,,2.0299000000e+00,5.9056988097e+00,
1.9940000000e+00,1.6137866465e+01,,1.9570000000e+00,1.0723522072e+01,,2.0399000000e+00,5.9120000084e+00,
2.0040000000e+00,1.6137865459e+01,,1.9670000000e+00,1.0724770477e+01,,2.0499000000e+00,5.9176452181e+00,
2.0140000000e+00,1.6137862858e+01,,1.9770000000e+00,1.0726646694e+01,,2.0599000000e+00,5.9221570555e+00,
2.0240000000e+00,1.6137858766e+01,,1.9870000000e+00,1.0728640157e+01,,2.0699000000e+00,5.9275449997e+00,
2.0340000000e+00,1.6137853281e+01,,1.9970000000e+00,1.0730705083e+01,,2.0799000000e+00,5.9330405596e+00,
2.0440000000e+00,1.6137846492e+01,,2.0070000000e+00,1.0733141429e+01,,2.0899000000e+00,5.9376100345e+00,
2.0540000000e+00,1.6137838485e+01,,2.0170000000e+00,1.0735729581e+01,,2.0999000000e+00,5.9415835551e+00,
2.0640000000e+00,1.6137829341e+01,,2.0270000000e+00,1.0738000138e+01,,2.1099000000e+00,5.9455084316e+00,
2.0740000000e+00,1.6137819135e+01,,2.0370000000e+00,1.0739979629e+01,,2.1199000000e+00,5.9512388116e+00,
2.0840000000e+00,1.6137807938e+01,,2.0470000000e+00,1.0742284780e+01,,2.1299000000e+00,5.9579458616e+00,
2.0940000000e+00,1.6137795816e+01,,2.0570000000e+00,1.0744571252e+01,,2.1399000000e+00,5.9634956048e+00,
2.1040000000e+00,1.6137782830e+01,,2.0670000000e+00,1.0746849140e+01,,2.1499000000e+00,5.9689021513e+00,
2.1140000000e+00,1.6137769042e+01,,2.0770000000e+00,1.0749089921e+01,,2.1599000000e+00,5.9736655867e+00,
2.1240000000e+00,1.6137754504e+01,,2.0870000000e+00,1.0751153902e+01,,2.1699000000e+00,5.9785061477e+00,
2.1340000000e+00,1.6137739267e+01,,2.0970000000e+00,1.0753060257e+01,,2.1799000000e+00,5.9841836357e+00,
2.1440000000e+00,1.6137723381e+01,,2.1070000000e+00,1.0755171908e+01,,2.1899000000e+00,5.9887357813e+00,
2.1540000000e+00,1.6137706889e+01,,2.1170000000e+00,1.0757308323e+01,,2.1999000000e+00,5.9929322281e+00,
2.2040000000e+00,1.6137614668e+01,,2.1670000000e+00,1.0767077284e+01,,2.2499000000e+00,6.0151736712e+00,
2.2540000000e+00,1.6139526851e+01,,2.2170000000e+00,1.0777550033e+01,,2.2999000000e+00,6.0325492770e+00,
2.3040000000e+00,1.6139428839e+01,,2.2670000000e+00,1.0787587975e+01,,2.3499000000e+00,6.0530755237e+00,
2.3540000000e+00,1.6139327404e+01,,2.3170000000e+00,1.0797168471e+01,,2.3999000000e+00,6.0686579149e+00,
2.4040000000e+00,1.6139223851e+01,,2.3670000000e+00,1.0806639989e+01,,2.4499000000e+00,6.0856316065e+00,
2.4540000000e+00,1.6139119111e+01,,2.4170000000e+00,1.0816294436e+01,,2.4999000000e+00,6.1015405604e+00,
2.5040000000e+00,1.6139013856e+01,,2.4670000000e+00,1.0825211797e+01,,2.5499000000e+00,6.1158899022e+00,
2.5540000000e+00,1.6138908561e+01,,2.5170000000e+00,1.0833009267e+01,,2.5999000000e+00,6.1276316566e+00,
2.6040000000e+00,1.6138803558e+01,,2.5670000000e+00,1.0839684558e+01,,2.6499000000e+00,6.1422497689e+00,
2.6540000000e+00,1.6138699075e+01,,2.6170000000e+00,1.0846195184e+01,,2.6999000000e+00,6.1520112691e+00,
,,,2.6670000000e+00,1.0852644669e+01,,2.7499000000e+00,6.1612864153e+00,
,,,2.7170000000e+00,1.0859177409e+01,,2.7999000000e+00,6.1699909770e+00,
,,,2.7670000000e+00,1.0864899440e+01,,2.8499000000e+00,6.1801542715e+00,
,,,2.8170000000e+00,1.0870838545e+01,,2.8999000000e+00,6.1874395025e+00,
,,,2.8670000000e+00,1.0876423502e+01,,2.9499000000e+00,6.1942723980e+00,
,,,2.9170000000e+00,1.0882404507e+01,,2.9999000000e+00,6.2036345391e+00,
,,,2.9670000000e+00,1.0887728321e+01,,3.0499000000e+00,6.2147792327e+00,
,,,3.0170000000e+00,1.0893224672e+01,,3.0999000000e+00,6.2244030366e+00,
,,,3.0670000000e+00,1.0899081496e+01,,3.1499000000e+00,6.2343222831e+00,
,,,3.1170000000e+00,1.0904758929e+01,,3.1999000000e+00,6.2440854247e+00,
,,,,,,3.2499000000e+00,6.2533475693e+00,
,,,,,,3.2999000000e+00,6.2626820440e+00,
,,,,,,3.3499000000e+00,6.2718386082e+00,
,,,,,,3.3999000000e+00,6.2809931098e+00,
,,,,,,3.4499000000e+00,6.2920498693e+00,
,,,,,,3.4999000000e+00,6.2987344893e+00,
,,,,,,3.5499000000e+00,6.3079670779e+00,
,,,,,,3.5999000000e+00,6.3198822533e+00,
,,,,,,3.6499000000e+00,6.3306998824e+00,
,,,,,,3.6999000000e+00,6.3452498761e+00,
,,,,,,3.7499000000e+00,6.3566365310e+00,
,,,,,,3.7999000000e+00,6.3673906442e+00,
,,,,,,3.8499000000e+00,6.3771107173e+00,
,,,,,,3.8999000000e+00,6.3866755132e+00,
,,,,,,3.9499000000e+00,6.3963268179e+00,
,,,,,,3.9999000000e+00,6.4047275369e+00,
,,,,,,4.0499000000e+00,6.4125211956e+00,
,,,,,,4.0999000000e+00,6.4205951576e+00,
,,,,,,4.1499000000e+00,6.4278249754e+00,
,,,,,,4.1999000000e+00,6.4360439393e+00,
